Catalog ID,Product Code,Product Series,Product Category,English Product Name,Chinese Product Name,Model / Specification,Capacity,Dimensions,Material,Lid / Cap,Filter Membrane,Packing,MOQ,EXW Price USD,Product URL,Image Path,Notes,Priority,Price Status,MOQ Status,Packing Status,Customer Visible,Quote Note
PC-BOTTLE-145ML,PC-BTL-9660,PC Tissue Culture Series,PC Tissue Culture Bottles,PC Tissue Culture Bottles,PC组培瓶,96×60mm,145mL,Opening: TBD; Bottom: 60mm; Height: 96mm,PC,41#,TBD,TBD,TBD,TBD,https://www.fulongplastic.com/en/products/pc-series/pc-tissue-culture-bottles/,/products/pc-bottles/96x60.webp,High-transparency PC material; Ventilated culture supported; Reusable design; Autoclavable up to 130°C,TBD,TBD,TBD,TBD,Yes,Volume discount available based on order quantity.
PC-BOTTLE-160ML,PC-BTL-8060,PC Tissue Culture Series,PC Tissue Culture Bottles,PC Tissue Culture Bottles,PC组培瓶,80×60mm,160mL,Opening: TBD; Bottom: 60mm; Height: 80mm,PC,53#,TBD,TBD,TBD,TBD,https://www.fulongplastic.com/en/products/pc-series/pc-tissue-culture-bottles/,/products/pc-bottles/80x60.webp,High-transparency PC material; Ventilated culture supported; Reusable design; Autoclavable up to 130°C,TBD,TBD,TBD,TBD,Yes,Volume discount available based on order quantity.
PC-BOTTLE-180ML,PC-BTL-577777,PC Tissue Culture Series,PC Tissue Culture Bottles,PC Tissue Culture Bottles,PC组培瓶,57×77×77mm,180mL,Opening: TBD; Bottom: 77x77mm; Height: 57mm,PC,58#,TBD,TBD,TBD,TBD,https://www.fulongplastic.com/en/products/pc-series/pc-tissue-culture-bottles/,/products/pc-bottles/57x77x77.webp,High-transparency PC material; Ventilated culture supported; Reusable design; Autoclavable up to 130°C,TBD,TBD,TBD,TBD,Yes,Volume discount available based on order quantity.
PC-BOTTLE-240ML,PC-BTL-8077,PC Tissue Culture Series,PC Tissue Culture Bottles,PC Tissue Culture Bottles,PC组培瓶,80×77mm,240mL,Opening: TBD; Bottom: 77mm; Height: 80mm,PC,60#,TBD,TBD,TBD,TBD,https://www.fulongplastic.com/en/products/pc-series/pc-tissue-culture-bottles/,/products/pc-bottles/80x77.webp,High-transparency PC material; Ventilated culture supported; Reusable design; Autoclavable up to 130°C,TBD,TBD,TBD,TBD,Yes,Volume discount available based on order quantity.
PC-BOTTLE-250ML,PC-BTL-727777,PC Tissue Culture Series,PC Tissue Culture Bottles,PC Tissue Culture Bottles,PC组培瓶,72×77×77mm,250mL,Opening: TBD; Bottom: 77x77mm; Height: 72mm,PC,72#,TBD,TBD,TBD,TBD,https://www.fulongplastic.com/en/products/pc-series/pc-tissue-culture-bottles/,/products/pc-bottles/72x77x77.webp,High-transparency PC material; Ventilated culture supported; Reusable design; Autoclavable up to 130°C,TBD,TBD,TBD,TBD,Yes,Volume discount available based on order quantity.
PC-BOTTLE-250ML-02,PC-BTL-9867,PC Tissue Culture Series,PC Tissue Culture Bottles,PC Tissue Culture Bottles,PC组培瓶,98×67mm,250mL,Opening: TBD; Bottom: 67mm; Height: 98mm,PC,61#,TBD,TBD,TBD,TBD,https://www.fulongplastic.com/en/products/pc-series/pc-tissue-culture-bottles/,/products/pc-bottles/98x67.webp,High-transparency PC material; Ventilated culture supported; Reusable design; Autoclavable up to 130°C,TBD,TBD,TBD,TBD,Yes,Volume discount available based on order quantity.
PC-BOTTLE-260ML,PC-BTL-9070,PC Tissue Culture Series,PC Tissue Culture Bottles,PC Tissue Culture Bottles,PC组培瓶,90×70mm,260mL,Opening: TBD; Bottom: 70mm; Height: 90mm,PC,64#,TBD,TBD,TBD,TBD,https://www.fulongplastic.com/en/products/pc-series/pc-tissue-culture-bottles/,/products/pc-bottles/90x70.webp,High-transparency PC material; Ventilated culture supported; Reusable design; Autoclavable up to 130°C,TBD,TBD,TBD,TBD,Yes,Volume discount available based on order quantity.
PC-BOTTLE-270ML,PC-BTL-10868,PC Tissue Culture Series,PC Tissue Culture Bottles,PC Tissue Culture Bottles,PC组培瓶,108×68mm,270mL,Opening: TBD; Bottom: 68mm; Height: 108mm,PC,60#,TBD,TBD,TBD,TBD,https://www.fulongplastic.com/en/products/pc-series/pc-tissue-culture-bottles/,/products/pc-bottles/108x68.webp,High-transparency PC material; Ventilated culture supported; Reusable design; Autoclavable up to 130°C,TBD,TBD,TBD,TBD,Yes,Volume discount available based on order quantity.
PC-BOTTLE-300ML,PC-BTL-9677,PC Tissue Culture Series,PC Tissue Culture Bottles,PC Tissue Culture Bottles,PC组培瓶,96×77mm,300mL,Opening: TBD; Bottom: 77mm; Height: 96mm,PC,64#,TBD,TBD,TBD,TBD,https://www.fulongplastic.com/en/products/pc-series/pc-tissue-culture-bottles/,/products/pc-bottles/96x77.webp,High-transparency PC material; Ventilated culture supported; Reusable design; Autoclavable up to 130°C,TBD,TBD,TBD,TBD,Yes,Volume discount available based on order quantity.
PC-BOTTLE-330ML,PC-BTL-9680,PC Tissue Culture Series,PC Tissue Culture Bottles,PC Tissue Culture Bottles,PC组培瓶,96×80mm,330mL,Opening: TBD; Bottom: 80mm; Height: 96mm,PC,64#,TBD,TBD,TBD,TBD,https://www.fulongplastic.com/en/products/pc-series/pc-tissue-culture-bottles/,/products/pc-bottles/96×80mm（330ml）.JPG,High-transparency PC material; Ventilated culture supported; Reusable design; Autoclavable up to 130°C,TBD,TBD,TBD,TBD,Yes,Volume discount available based on order quantity.
PC-BOTTLE-350ML,PC-BTL-967777,PC Tissue Culture Series,PC Tissue Culture Bottles,PC Tissue Culture Bottles,PC组培瓶,96×77×77mm,350mL,Opening: TBD; Bottom: 77x77mm; Height: 96mm,PC,72#,TBD,TBD,TBD,TBD,https://www.fulongplastic.com/en/products/pc-series/pc-tissue-culture-bottles/,/products/pc-bottles/96x77x77.webp,High-transparency PC material; Ventilated culture supported; Reusable design; Autoclavable up to 130°C,TBD,TBD,TBD,TBD,Yes,Volume discount available based on order quantity.
PC-BOTTLE-350ML-02,PC-BTL-11077,PC Tissue Culture Series,PC Tissue Culture Bottles,PC Tissue Culture Bottles,PC组培瓶,110×77mm,350mL,Opening: TBD; Bottom: 77mm; Height: 110mm,PC,64#,TBD,TBD,TBD,TBD,https://www.fulongplastic.com/en/products/pc-series/pc-tissue-culture-bottles/,/products/pc-bottles/110x77.webp,High-transparency PC material; Ventilated culture supported; Reusable design; Autoclavable up to 130°C,TBD,TBD,TBD,TBD,Yes,Volume discount available based on order quantity.
PC-BOTTLE-520ML,PC-BTL-10891,PC Tissue Culture Series,PC Tissue Culture Bottles,PC Tissue Culture Bottles,PC组培瓶,108×91mm,520mL,Opening: TBD; Bottom: 91mm; Height: 108mm,PC,69#,TBD,TBD,TBD,TBD,https://www.fulongplastic.com/en/products/pc-series/pc-tissue-culture-bottles/,/products/pc-bottles/108x91.webp,High-transparency PC material; Ventilated culture supported; Reusable design; Autoclavable up to 130°C,TBD,TBD,TBD,TBD,Yes,Volume discount available based on order quantity.
PC-BOTTLE-600ML,PC-BTL-1009595,PC Tissue Culture Series,PC Tissue Culture Bottles,PC Tissue Culture Bottles,PC组培瓶,100×95×95mm,600mL,Opening: TBD; Bottom: 95x95mm; Height: 100mm,PC,77#,TBD,TBD,TBD,TBD,https://www.fulongplastic.com/en/products/pc-series/pc-tissue-culture-bottles/,/products/pc-bottles/100x95x95.webp,High-transparency PC material; Ventilated culture supported; Reusable design; Autoclavable up to 130°C,TBD,TBD,TBD,TBD,Yes,Volume discount available based on order quantity.
PC-BOTTLE-650ML,PC-BTL-1109595,PC Tissue Culture Series,PC Tissue Culture Bottles,PC Tissue Culture Bottles,PC组培瓶,110×95×95mm,650mL,Opening: TBD; Bottom: 95x95mm; Height: 110mm,PC,95#,TBD,TBD,TBD,TBD,https://www.fulongplastic.com/en/products/pc-series/pc-tissue-culture-bottles/,/products/pc-bottles/110x95x95.webp,High-transparency PC material; Ventilated culture supported; Reusable design; Autoclavable up to 130°C,TBD,TBD,TBD,TBD,Yes,Volume discount available based on order quantity.
PC-BOTTLE-800ML,PC-BTL-14596,PC Tissue Culture Series,PC Tissue Culture Bottles,PC Tissue Culture Bottles,PC组培瓶,145×96mm,800mL,Opening: TBD; Bottom: 96mm; Height: 145mm,PC,77#,TBD,TBD,TBD,TBD,https://www.fulongplastic.com/en/products/pc-series/pc-tissue-culture-bottles/,/products/pc-bottles/145x96.webp,High-transparency PC material; Ventilated culture supported; Reusable design; Autoclavable up to 130°C,TBD,TBD,TBD,TBD,Yes,Volume discount available based on order quantity.
PC-BOTTLE-1000ML,PC-BTL-18596,PC Tissue Culture Series,PC Tissue Culture Bottles,PC Tissue Culture Bottles,PC组培瓶,185×96mm,1000mL,Opening: TBD; Bottom: 96mm; Height: 185mm,PC,77#,TBD,TBD,TBD,TBD,https://www.fulongplastic.com/en/products/pc-series/pc-tissue-culture-bottles/,/products/pc-bottles/185x96.webp,High-transparency PC material; Ventilated culture supported; Reusable design; Autoclavable up to 130°C,TBD,TBD,TBD,TBD,Yes,Volume discount available based on order quantity.
PC-TUBE-50ML,PC-TUB-10030,PC Tissue Culture Series,PC Culture Tubes,PC Culture Tubes,PC组培试管,100×30mm,50mL,Opening: TBD; Bottom: 30mm; Height: 100mm,PC,30#,TBD,TBD,TBD,TBD,https://www.fulongplastic.com/en/products/pc-series/pc-culture-tubes/,/products/pc-tubes/100x30.webp,High-transparency PC material; Ventilated culture supported; Autoclavable up to 130°C; Suitable for primary culture and sterile work,TBD,TBD,TBD,TBD,Yes,Volume discount available based on order quantity.
PC-TUBE-80ML,PC-TUB-15030,PC Tissue Culture Series,PC Culture Tubes,PC Culture Tubes,PC组培试管,150×30mm,80mL,Opening: TBD; Bottom: 30mm; Height: 150mm,PC,30#,TBD,TBD,TBD,TBD,https://www.fulongplastic.com/en/products/pc-series/pc-culture-tubes/,/products/pc-tubes/150x30.webp,High-transparency PC material; Ventilated culture supported; Autoclavable up to 130°C; Suitable for primary culture and sterile work,TBD,TBD,TBD,TBD,Yes,Volume discount available based on order quantity.
PC-TUBE-100ML,PC-TUB-20030,PC Tissue Culture Series,PC Culture Tubes,PC Culture Tubes,PC组培试管,200×30mm,100mL,Opening: TBD; Bottom: 30mm; Height: 200mm,PC,30#,TBD,TBD,TBD,TBD,https://www.fulongplastic.com/en/products/pc-series/pc-culture-tubes/,/products/pc-tubes/200x30.webp,High-transparency PC material; Ventilated culture supported; Autoclavable up to 130°C; Suitable for primary culture and sterile work,TBD,TBD,TBD,TBD,Yes,Volume discount available based on order quantity.
PC-TUBE-120ML,PC-TUB-9147,PC Tissue Culture Series,PC Culture Tubes,PC Culture Tubes,PC组培试管,91×47mm,120mL,Opening: TBD; Bottom: 47mm; Height: 91mm,PC,40#,TBD,TBD,TBD,TBD,https://www.fulongplastic.com/en/products/pc-series/pc-culture-tubes/,/products/pc-tubes/91x47.webp,High-transparency PC material; Ventilated culture supported; Autoclavable up to 130°C; Suitable for primary culture and sterile work,TBD,TBD,TBD,TBD,Yes,Volume discount available based on order quantity.
PC-CUP-95X90X83,PC-CUP-959083-V,PC Tissue Culture Series,PC Wide-Mouth Culture Cups,PC Wide-Mouth Culture Cups,PC广口培养杯,95×90×83mm,TBD,Opening: 90mm; Bottom: 83mm; Height: 95mm,PC,透气款,TBD,TBD,TBD,TBD,https://www.fulongplastic.com/en/products/pc-series/pc-wide-mouth-culture-cups/,/products/pc-wide-mouth-cups/95x90x83-vent.webp,Wide-mouth design; High-transparency PC material; Ventilated culture supported; Autoclavable up to 130°C,TBD,TBD,TBD,TBD,Yes,Volume discount available based on order quantity.
PC-CUP-95X90X83-02,PC-CUP-959083-S,PC Tissue Culture Series,PC Wide-Mouth Culture Cups,PC Wide-Mouth Culture Cups,PC广口培养杯,95×90×83mm,TBD,Opening: 90mm; Bottom: 83mm; Height: 95mm,PC,密封款,TBD,TBD,TBD,TBD,https://www.fulongplastic.com/en/products/pc-series/pc-wide-mouth-culture-cups/,/products/pc-wide-mouth-cups/95x90x83-solid.webp,Wide-mouth design; High-transparency PC material; Ventilated culture supported; Autoclavable up to 130°C,TBD,TBD,TBD,TBD,Yes,Volume discount available based on order quantity.
PC-CUP-125X90X83,PC-CUP-1259083-V,PC Tissue Culture Series,PC Wide-Mouth Culture Cups,PC Wide-Mouth Culture Cups,PC广口培养杯,125×90×83mm,TBD,Opening: 90mm; Bottom: 83mm; Height: 125mm,PC,透气款,TBD,TBD,TBD,TBD,https://www.fulongplastic.com/en/products/pc-series/pc-wide-mouth-culture-cups/,/products/pc-wide-mouth-cups/125x90x83-vent.webp,Wide-mouth design; High-transparency PC material; Ventilated culture supported; Autoclavable up to 130°C,TBD,TBD,TBD,TBD,Yes,Volume discount available based on order quantity.
PC-CUP-125X90X83-02,PC-CUP-1259083-S,PC Tissue Culture Series,PC Wide-Mouth Culture Cups,PC Wide-Mouth Culture Cups,PC广口培养杯,125×90×83mm,TBD,Opening: 90mm; Bottom: 83mm; Height: 125mm,PC,密封款,TBD,TBD,TBD,TBD,https://www.fulongplastic.com/en/products/pc-series/pc-wide-mouth-culture-cups/,/products/pc-wide-mouth-cups/125x90x83-solid.webp,Wide-mouth design; High-transparency PC material; Ventilated culture supported; Autoclavable up to 130°C,TBD,TBD,TBD,TBD,Yes,Volume discount available based on order quantity.
PC-CUP-340ML,PC-CUP-659082,PC Tissue Culture Series,PC Wide-Mouth Culture Cups,PC Wide-Mouth Culture Cups,PC广口培养杯,65×90×82mm,340mL,Opening: 90mm; Bottom: 82mm; Height: 65mm,PC,90#,TBD,TBD,TBD,TBD,https://www.fulongplastic.com/en/products/pc-series/pc-wide-mouth-culture-cups/,/products/pc-wide-mouth-cups/65x90x82.webp,Wide-mouth design; High-transparency PC material; Ventilated culture supported; Autoclavable up to 130°C,TBD,TBD,TBD,TBD,Yes,Volume discount available based on order quantity.
PC-CUP-430ML,PC-CUP-859081,PC Tissue Culture Series,PC Wide-Mouth Culture Cups,PC Wide-Mouth Culture Cups,PC广口培养杯,85×90×81mm,430mL,Opening: 90mm; Bottom: 81mm; Height: 85mm,PC,90#,TBD,TBD,TBD,TBD,https://www.fulongplastic.com/en/products/pc-series/pc-wide-mouth-culture-cups/,/products/pc-wide-mouth-cups/85x90x81.webp,Wide-mouth design; High-transparency PC material; Ventilated culture supported; Autoclavable up to 130°C,TBD,TBD,TBD,TBD,Yes,Volume discount available based on order quantity.
PP-CONTAINER-160ML,PP-CON-686755,PP Culture Series,PP Tissue Culture Containers,PP Tissue Culture Containers,PP组培容器,68×67×55mm,160mL,Opening: 67mm; Bottom: 55mm; Height: 68mm,PP,TBD,TBD,TBD,TBD,TBD,https://www.fulongplastic.com/en/products/pp-series/pp-culture-containers/,/products/pp-containers/68x67x55.webp,High-quality PP material; Ventilated culture supported; Autoclavable up to 120°C; Suitable for large-scale cultivation,TBD,TBD,TBD,TBD,Yes,Volume discount available based on order quantity.
PP-CONTAINER-200ML,PP-CON-658073,PP Culture Series,PP Tissue Culture Containers,PP Tissue Culture Containers,PP组培容器,65×80×73mm,200mL,Opening: 80mm; Bottom: 73mm; Height: 65mm,PP,TBD,TBD,TBD,TBD,TBD,https://www.fulongplastic.com/en/products/pp-series/pp-culture-containers/,/products/pp-containers/65x80x73.webp,High-quality PP material; Ventilated culture supported; Autoclavable up to 120°C; Suitable for large-scale cultivation,TBD,TBD,TBD,TBD,Yes,Volume discount available based on order quantity.
PP-CONTAINER-300ML,PP-CON-7310077,PP Culture Series,PP Tissue Culture Containers,PP Tissue Culture Containers,PP组培容器,73×100×77mm,300mL,Opening: 100mm; Bottom: 77mm; Height: 73mm,PP,TBD,TBD,TBD,TBD,TBD,https://www.fulongplastic.com/en/products/pp-series/pp-culture-containers/,/products/pp-containers/73x100x77.webp,High-quality PP material; Ventilated culture supported; Autoclavable up to 120°C; Suitable for large-scale cultivation,TBD,TBD,TBD,TBD,Yes,Volume discount available based on order quantity.
PP-CONTAINER-500ML,PP-CON-9012092,PP Culture Series,PP Tissue Culture Containers,PP Tissue Culture Containers,PP组培容器,90×120×92mm,500mL,Opening: 120mm; Bottom: 92mm; Height: 90mm,PP,TBD,TBD,TBD,TBD,TBD,https://www.fulongplastic.com/en/products/pp-series/pp-culture-containers/,/products/pp-containers/90x120x92.webp,High-quality PP material; Ventilated culture supported; Autoclavable up to 120°C; Suitable for large-scale cultivation,TBD,TBD,TBD,TBD,Yes,Volume discount available based on order quantity.
PP-CONTAINER-750ML,PP-CON-11012296,PP Culture Series,PP Tissue Culture Containers,PP Tissue Culture Containers,PP组培容器,110×122×96mm,750mL,Opening: 122mm; Bottom: 96mm; Height: 110mm,PP,TBD,TBD,TBD,TBD,TBD,https://www.fulongplastic.com/en/products/pp-series/pp-culture-containers/,/products/pp-containers/110x122x96.webp,High-quality PP material; Ventilated culture supported; Autoclavable up to 120°C; Suitable for large-scale cultivation,TBD,TBD,TBD,TBD,Yes,Volume discount available based on order quantity.
PP-CONTAINER-1000ML,PP-CON-124130105,PP Culture Series,PP Tissue Culture Containers,PP Tissue Culture Containers,PP组培容器,124×130×105mm,1000mL,Opening: 130mm; Bottom: 105mm; Height: 124mm,PP,TBD,TBD,TBD,TBD,TBD,https://www.fulongplastic.com/en/products/pp-series/pp-culture-containers/,/products/pp-containers/124x130x105.webp,High-quality PP material; Ventilated culture supported; Autoclavable up to 120°C; Suitable for large-scale cultivation,TBD,TBD,TBD,TBD,Yes,Volume discount available based on order quantity.
PP-BOX-87X60X45,PP-BOX-876045,PP Culture Series,PP Culture Boxes,PP Culture Boxes,PP培养盒,87×60×45mm,不适用,Top: 87×60mm; Bottom: 不适用; Height: 45mm,PP,TBD,Diameter: 不适用,TBD,TBD,TBD,https://www.fulongplastic.com/en/products/pp-series/pp-culture-boxes/,/products/pp-culture-boxes/87x60x45.webp,High-quality PP material; Lightweight design; Heat-resistant and autoclavable; Cost-efficient cultivation option,TBD,TBD,TBD,TBD,Yes,Volume discount available based on order quantity.
PP-BOX-100X80X100,PP-BOX-10080100,PP Culture Series,PP Culture Boxes,PP Culture Boxes,PP培养盒,100×80×100mm,不适用,Top: 100mm; Bottom: 80mm; Height: 100mm,PP,TBD,Diameter: 不适用,TBD,TBD,TBD,https://www.fulongplastic.com/en/products/pp-series/pp-culture-boxes/,/products/pp-culture-boxes/100x80x100.JPG,High-quality PP material; Lightweight design; Heat-resistant and autoclavable; Cost-efficient cultivation option,TBD,TBD,TBD,TBD,Yes,Volume discount available based on order quantity.
PP-BOX-120X88X60,PP-BOX-1208860,PP Culture Series,PP Culture Boxes,PP Culture Boxes,PP培养盒,120×88×60mm,不适用,Top: 120mm; Bottom: 88mm; Height: 60mm,PP,TBD,Diameter: 不适用,TBD,TBD,TBD,https://www.fulongplastic.com/en/products/pp-series/pp-culture-boxes/,/products/pp-culture-boxes/120x88x60.webp,High-quality PP material; Lightweight design; Heat-resistant and autoclavable; Cost-efficient cultivation option,TBD,TBD,TBD,TBD,Yes,Volume discount available based on order quantity.
PP-BOX-500ML,PP-BOX-1208080,PP Culture Series,PP Culture Boxes,PP Culture Boxes,PP培养盒,120×80×80mm,500mL,Top: 120mm; Bottom: 80mm; Height: 80mm,PP,TBD,Diameter: 不适用,TBD,TBD,TBD,https://www.fulongplastic.com/en/products/pp-series/pp-culture-boxes/,/products/pp-culture-boxes/120x80x80.webp,High-quality PP material; Lightweight design; Heat-resistant and autoclavable; Cost-efficient cultivation option,TBD,TBD,TBD,TBD,Yes,Volume discount available based on order quantity.
PP-BOX-500ML-02,PP-BOX-958085-M02,PP Culture Series,PP Culture Boxes,PP Culture Boxes,PP培养盒,95×95×85mm,500mL,Top: 95×95mm; Bottom: 80×80mm; Height: 85mm,PP,TBD,Diameter: 2cm,TBD,TBD,TBD,https://www.fulongplastic.com/en/products/pp-series/pp-culture-boxes/,/products/pp-culture-boxes/95x80x85.JPG,High-quality PP material; Lightweight design; Heat-resistant and autoclavable; Cost-efficient cultivation option,TBD,TBD,TBD,TBD,Yes,Volume discount available based on order quantity.
PP-BOX-600ML,PP-BOX-1209080,PP Culture Series,PP Culture Boxes,PP Culture Boxes,PP培养盒,120×90×80mm,600mL,Top: 120mm; Bottom: 90mm; Height: 80mm,PP,TBD,Diameter: 不适用,TBD,TBD,TBD,https://www.fulongplastic.com/en/products/pp-series/pp-culture-boxes/,/products/pp-culture-boxes/120x90x80.webp,High-quality PP material; Lightweight design; Heat-resistant and autoclavable; Cost-efficient cultivation option,TBD,TBD,TBD,TBD,Yes,Volume discount available based on order quantity.
PP-BOX-750ML,PP-BOX-1108895-M03,PP Culture Series,PP Culture Boxes,PP Culture Boxes,PP培养盒,110×110×95mm,750mL,Top: 110×110mm; Bottom: 88×88mm; Height: 95mm,PP,TBD,Diameter: 3cm,TBD,TBD,TBD,https://www.fulongplastic.com/en/products/pp-series/pp-culture-boxes/,/products/pp-culture-boxes/110x88x95.JPG,High-quality PP material; Lightweight design; Heat-resistant and autoclavable; Cost-efficient cultivation option,TBD,TBD,TBD,TBD,Yes,Volume discount available based on order quantity.
PP-BOX-800ML,PP-BOX-12090100,PP Culture Series,PP Culture Boxes,PP Culture Boxes,PP培养盒,120×90×100mm,800mL,Top: 120mm; Bottom: 90mm; Height: 100mm,PP,TBD,Diameter: 不适用,TBD,TBD,TBD,https://www.fulongplastic.com/en/products/pp-series/pp-culture-boxes/,/products/pp-culture-boxes/120x90x100.webp,High-quality PP material; Lightweight design; Heat-resistant and autoclavable; Cost-efficient cultivation option,TBD,TBD,TBD,TBD,Yes,Volume discount available based on order quantity.
PP-BOX-1000ML,PP-BOX-11092120-M03,PP Culture Series,PP Culture Boxes,PP Culture Boxes,PP培养盒,110×110×120mm,1000mL,Top: 110×110mm; Bottom: 92×92mm; Height: 120mm,PP,TBD,Diameter: 3cm,TBD,TBD,TBD,https://www.fulongplastic.com/en/products/pp-series/pp-culture-boxes/,/products/pp-culture-boxes/110x92x120.JPG,High-quality PP material; Lightweight design; Heat-resistant and autoclavable; Cost-efficient cultivation option,TBD,TBD,TBD,TBD,Yes,Volume discount available based on order quantity.
BAG-HEATSEAL-12X14,PP-BAG-HS-1214,PP Culture Series,Heat-Seal Tissue Culture Bags,Heat-Seal Tissue Culture Bags,热封组培袋,12×14cm 平口袋,TBD,Length: TBD; Width: 12cm; Height: 14cm,PP,TBD,密封 / 单孔 / 双孔可选,TBD,TBD,TBD,https://www.fulongplastic.com/en/products/pp-series/heat-seal-culture-bags/,/products/culture-bags/12x14-flat.webp,Lightweight and easy to transport; Minimal storage space; Sealed or vented options; For sterile culture applications,TBD,TBD,TBD,TBD,Yes,Volume discount available based on order quantity.
BAG-HEATSEAL-12X8X18,PP-BAG-HS-12818,PP Culture Series,Heat-Seal Tissue Culture Bags,Heat-Seal Tissue Culture Bags,热封组培袋,12×8×18cm 自立袋,TBD,Length: 12cm; Width: 8cm; Height: 18cm,PP,TBD,密封 / 单孔 / 双孔可选,TBD,TBD,TBD,https://www.fulongplastic.com/en/products/pp-series/heat-seal-culture-bags/,/products/culture-bags/12x8x18-standup.webp,Lightweight and easy to transport; Minimal storage space; Sealed or vented options; For sterile culture applications,TBD,TBD,TBD,TBD,Yes,Volume discount available based on order quantity.
BAG-SELFSEAL-12X14,PP-BAG-ZIP-1214,PP Culture Series,Self-Seal Stand-Up Tissue Culture Bags,Self-Seal Stand-Up Tissue Culture Bags,自封自立组培袋,12×14cm 自立袋,TBD,Length: TBD; Width: 12cm; Height: 14cm,PP,TBD,密封 / 单孔 / 双孔可选,TBD,TBD,TBD,https://www.fulongplastic.com/en/products/pp-series/self-seal-stand-up-culture-bags/,/products/culture-bags/12x14-standup.webp,Self-seal stand-up structure; Lightweight and cost-efficient; Sealed or vented options; For sterile culture applications,TBD,TBD,TBD,TBD,Yes,Volume discount available based on order quantity.
BAG-SELFSEAL-16X18-5,PP-BAG-ZIP-16185,PP Culture Series,Self-Seal Stand-Up Tissue Culture Bags,Self-Seal Stand-Up Tissue Culture Bags,自封自立组培袋,16×18.5cm 自立袋,TBD,Length: TBD; Width: 16cm; Height: 18.5cm,PP,TBD,密封 / 单孔 / 双孔可选,TBD,TBD,TBD,https://www.fulongplastic.com/en/products/pp-series/self-seal-stand-up-culture-bags/,/products/culture-bags/16x18.5-standup.webp,Self-seal stand-up structure; Lightweight and cost-efficient; Sealed or vented options; For sterile culture applications,TBD,TBD,TBD,TBD,Yes,Volume discount available based on order quantity.
CAP-030,CAP-030,Accessories,Tissue Culture Lids,Tissue Culture Lids,组培盖,30#,TBD,TBD,TBD,30#,TBD,TBD,TBD,TBD,https://www.fulongplastic.com/en/products/accessories/culture-lids/,/products/culture-lids/lid-30.JPG,"Breathable membrane customization; 1cm, 2cm, and 3cm membrane diameters; Internal and external installation options; Compatible with multiple culture containers",TBD,TBD,TBD,TBD,Yes,Volume discount available based on order quantity.
CAP-040,CAP-040,Accessories,Tissue Culture Lids,Tissue Culture Lids,组培盖,40#,TBD,TBD,TBD,40#,TBD,TBD,TBD,TBD,https://www.fulongplastic.com/en/products/accessories/culture-lids/,/products/culture-lids/lid-40.JPG,"Breathable membrane customization; 1cm, 2cm, and 3cm membrane diameters; Internal and external installation options; Compatible with multiple culture containers",TBD,TBD,TBD,TBD,Yes,Volume discount available based on order quantity.
CAP-052,CAP-052,Accessories,Tissue Culture Lids,Tissue Culture Lids,组培盖,52#,TBD,TBD,TBD,52#,TBD,TBD,TBD,TBD,https://www.fulongplastic.com/en/products/accessories/culture-lids/,/products/culture-lids/lid-52.JPG,"Breathable membrane customization; 1cm, 2cm, and 3cm membrane diameters; Internal and external installation options; Compatible with multiple culture containers",TBD,TBD,TBD,TBD,Yes,Volume discount available based on order quantity.
CAP-053,CAP-053,Accessories,Tissue Culture Lids,Tissue Culture Lids,组培盖,53#,TBD,TBD,TBD,53#,TBD,TBD,TBD,TBD,https://www.fulongplastic.com/en/products/accessories/culture-lids/,/products/culture-lids/lid-53.JPG,"Breathable membrane customization; 1cm, 2cm, and 3cm membrane diameters; Internal and external installation options; Compatible with multiple culture containers",TBD,TBD,TBD,TBD,Yes,Volume discount available based on order quantity.
CAP-054,CAP-054,Accessories,Tissue Culture Lids,Tissue Culture Lids,组培盖,54#,TBD,TBD,TBD,54#,TBD,TBD,TBD,TBD,https://www.fulongplastic.com/en/products/accessories/culture-lids/,/products/culture-lids/lid-54.JPG,"Breathable membrane customization; 1cm, 2cm, and 3cm membrane diameters; Internal and external installation options; Compatible with multiple culture containers",TBD,TBD,TBD,TBD,Yes,Volume discount available based on order quantity.
CAP-055,CAP-055,Accessories,Tissue Culture Lids,Tissue Culture Lids,组培盖,55#,TBD,TBD,TBD,55#,TBD,TBD,TBD,TBD,https://www.fulongplastic.com/en/products/accessories/culture-lids/,/products/culture-lids/lid-55.webp,"Breathable membrane customization; 1cm, 2cm, and 3cm membrane diameters; Internal and external installation options; Compatible with multiple culture containers",TBD,TBD,TBD,TBD,Yes,Volume discount available based on order quantity.
CAP-056,CAP-056,Accessories,Tissue Culture Lids,Tissue Culture Lids,组培盖,56#,TBD,TBD,TBD,56#,TBD,TBD,TBD,TBD,https://www.fulongplastic.com/en/products/accessories/culture-lids/,/products/culture-lids/lid-56.JPG,"Breathable membrane customization; 1cm, 2cm, and 3cm membrane diameters; Internal and external installation options; Compatible with multiple culture containers",TBD,TBD,TBD,TBD,Yes,Volume discount available based on order quantity.
CAP-057,CAP-057,Accessories,Tissue Culture Lids,Tissue Culture Lids,组培盖,57#,TBD,TBD,TBD,57#,TBD,TBD,TBD,TBD,https://www.fulongplastic.com/en/products/accessories/culture-lids/,/products/culture-lids/lid-57.webp,"Breathable membrane customization; 1cm, 2cm, and 3cm membrane diameters; Internal and external installation options; Compatible with multiple culture containers",TBD,TBD,TBD,TBD,Yes,Volume discount available based on order quantity.
CAP-058,CAP-058,Accessories,Tissue Culture Lids,Tissue Culture Lids,组培盖,58#,TBD,TBD,TBD,58#,TBD,TBD,TBD,TBD,https://www.fulongplastic.com/en/products/accessories/culture-lids/,/products/culture-lids/lid-58.JPG,"Breathable membrane customization; 1cm, 2cm, and 3cm membrane diameters; Internal and external installation options; Compatible with multiple culture containers",TBD,TBD,TBD,TBD,Yes,Volume discount available based on order quantity.
CAP-060,CAP-060,Accessories,Tissue Culture Lids,Tissue Culture Lids,组培盖,60#,TBD,TBD,TBD,60#,TBD,TBD,TBD,TBD,https://www.fulongplastic.com/en/products/accessories/culture-lids/,/products/culture-lids/lid-60.JPG,"Breathable membrane customization; 1cm, 2cm, and 3cm membrane diameters; Internal and external installation options; Compatible with multiple culture containers",TBD,TBD,TBD,TBD,Yes,Volume discount available based on order quantity.
CAP-061,CAP-061,Accessories,Tissue Culture Lids,Tissue Culture Lids,组培盖,61#,TBD,TBD,TBD,61#,TBD,TBD,TBD,TBD,https://www.fulongplastic.com/en/products/accessories/culture-lids/,/products/culture-lids/lid-61.JPG,"Breathable membrane customization; 1cm, 2cm, and 3cm membrane diameters; Internal and external installation options; Compatible with multiple culture containers",TBD,TBD,TBD,TBD,Yes,Volume discount available based on order quantity.
CAP-063,CAP-063,Accessories,Tissue Culture Lids,Tissue Culture Lids,组培盖,63#,TBD,TBD,TBD,63#,TBD,TBD,TBD,TBD,https://www.fulongplastic.com/en/products/accessories/culture-lids/,/products/culture-lids/lid-63.webp,"Breathable membrane customization; 1cm, 2cm, and 3cm membrane diameters; Internal and external installation options; Compatible with multiple culture containers",TBD,TBD,TBD,TBD,Yes,Volume discount available based on order quantity.
CAP-064,CAP-064,Accessories,Tissue Culture Lids,Tissue Culture Lids,组培盖,64#,TBD,TBD,TBD,64#,TBD,TBD,TBD,TBD,https://www.fulongplastic.com/en/products/accessories/culture-lids/,/products/culture-lids/lid-64.JPG,"Breathable membrane customization; 1cm, 2cm, and 3cm membrane diameters; Internal and external installation options; Compatible with multiple culture containers",TBD,TBD,TBD,TBD,Yes,Volume discount available based on order quantity.
CAP-065,CAP-065,Accessories,Tissue Culture Lids,Tissue Culture Lids,组培盖,65#,TBD,TBD,TBD,65#,TBD,TBD,TBD,TBD,https://www.fulongplastic.com/en/products/accessories/culture-lids/,/products/culture-lids/lid-65.JPG,"Breathable membrane customization; 1cm, 2cm, and 3cm membrane diameters; Internal and external installation options; Compatible with multiple culture containers",TBD,TBD,TBD,TBD,Yes,Volume discount available based on order quantity.
CAP-069,CAP-069,Accessories,Tissue Culture Lids,Tissue Culture Lids,组培盖,69#,TBD,TBD,TBD,69#,TBD,TBD,TBD,TBD,https://www.fulongplastic.com/en/products/accessories/culture-lids/,/products/culture-lids/lid-69.JPG,"Breathable membrane customization; 1cm, 2cm, and 3cm membrane diameters; Internal and external installation options; Compatible with multiple culture containers",TBD,TBD,TBD,TBD,Yes,Volume discount available based on order quantity.
CAP-070,CAP-070,Accessories,Tissue Culture Lids,Tissue Culture Lids,组培盖,70#,TBD,TBD,TBD,70#,TBD,TBD,TBD,TBD,https://www.fulongplastic.com/en/products/accessories/culture-lids/,/products/culture-lids/lid-70.webp,"Breathable membrane customization; 1cm, 2cm, and 3cm membrane diameters; Internal and external installation options; Compatible with multiple culture containers",TBD,TBD,TBD,TBD,Yes,Volume discount available based on order quantity.
CAP-072,CAP-072,Accessories,Tissue Culture Lids,Tissue Culture Lids,组培盖,72#,TBD,TBD,TBD,72#,TBD,TBD,TBD,TBD,https://www.fulongplastic.com/en/products/accessories/culture-lids/,/products/culture-lids/lid-72.JPG,"Breathable membrane customization; 1cm, 2cm, and 3cm membrane diameters; Internal and external installation options; Compatible with multiple culture containers",TBD,TBD,TBD,TBD,Yes,Volume discount available based on order quantity.
CAP-075,CAP-075,Accessories,Tissue Culture Lids,Tissue Culture Lids,组培盖,75#,TBD,TBD,TBD,75#,TBD,TBD,TBD,TBD,https://www.fulongplastic.com/en/products/accessories/culture-lids/,/products/culture-lids/lid-75.webp,"Breathable membrane customization; 1cm, 2cm, and 3cm membrane diameters; Internal and external installation options; Compatible with multiple culture containers",TBD,TBD,TBD,TBD,Yes,Volume discount available based on order quantity.
CAP-077,CAP-077,Accessories,Tissue Culture Lids,Tissue Culture Lids,组培盖,77#,TBD,TBD,TBD,77#,TBD,TBD,TBD,TBD,https://www.fulongplastic.com/en/products/accessories/culture-lids/,/products/culture-lids/lid-77.JPG,"Breathable membrane customization; 1cm, 2cm, and 3cm membrane diameters; Internal and external installation options; Compatible with multiple culture containers",TBD,TBD,TBD,TBD,Yes,Volume discount available based on order quantity.
CAP-080,CAP-080,Accessories,Tissue Culture Lids,Tissue Culture Lids,组培盖,80#,TBD,TBD,TBD,80#,TBD,TBD,TBD,TBD,https://www.fulongplastic.com/en/products/accessories/culture-lids/,/products/culture-lids/lid-80.webp,"Breathable membrane customization; 1cm, 2cm, and 3cm membrane diameters; Internal and external installation options; Compatible with multiple culture containers",TBD,TBD,TBD,TBD,Yes,Volume discount available based on order quantity.
CAP-082,CAP-082,Accessories,Tissue Culture Lids,Tissue Culture Lids,组培盖,82#,TBD,TBD,TBD,82#,TBD,TBD,TBD,TBD,https://www.fulongplastic.com/en/products/accessories/culture-lids/,/products/culture-lids/lid-82.webp,"Breathable membrane customization; 1cm, 2cm, and 3cm membrane diameters; Internal and external installation options; Compatible with multiple culture containers",TBD,TBD,TBD,TBD,Yes,Volume discount available based on order quantity.
CAP-090,CAP-090,Accessories,Tissue Culture Lids,Tissue Culture Lids,组培盖,90#,TBD,TBD,TBD,90#,TBD,TBD,TBD,TBD,https://www.fulongplastic.com/en/products/accessories/culture-lids/,/products/culture-lids/lid-90.webp,"Breathable membrane customization; 1cm, 2cm, and 3cm membrane diameters; Internal and external installation options; Compatible with multiple culture containers",TBD,TBD,TBD,TBD,Yes,Volume discount available based on order quantity.
CAP-095,CAP-095,Accessories,Tissue Culture Lids,Tissue Culture Lids,组培盖,95#,TBD,TBD,TBD,95#,TBD,TBD,TBD,TBD,https://www.fulongplastic.com/en/products/accessories/culture-lids/,/products/culture-lids/lid-95.JPG,"Breathable membrane customization; 1cm, 2cm, and 3cm membrane diameters; Internal and external installation options; Compatible with multiple culture containers",TBD,TBD,TBD,TBD,Yes,Volume discount available based on order quantity.
FILM-12X12X1,FILM-1212-H01,Accessories,Sealing Films,Sealing Films,封口膜,12×12cm,TBD,TBD,TBD,TBD,Vent: 1cm,TBD,TBD,TBD,https://www.fulongplastic.com/en/products/accessories/sealing-film/,/products/sealing-films/12x12-hole10.webp,"Custom film sizes available; Standard 12×12cm, 14×14cm, and 16×16cm sizes; 1cm, 2cm, and 3cm central vent options; Multiple membrane configurations available",TBD,TBD,TBD,TBD,Yes,Volume discount available based on order quantity.
FILM-12X12X2,FILM-1212-H02,Accessories,Sealing Films,Sealing Films,封口膜,12×12cm,TBD,TBD,TBD,TBD,Vent: 2cm,TBD,TBD,TBD,https://www.fulongplastic.com/en/products/accessories/sealing-film/,/products/sealing-films/12x12-hole20.webp,"Custom film sizes available; Standard 12×12cm, 14×14cm, and 16×16cm sizes; 1cm, 2cm, and 3cm central vent options; Multiple membrane configurations available",TBD,TBD,TBD,TBD,Yes,Volume discount available based on order quantity.
FILM-12X12X3,FILM-1212-H03,Accessories,Sealing Films,Sealing Films,封口膜,12×12cm,TBD,TBD,TBD,TBD,Vent: 3cm,TBD,TBD,TBD,https://www.fulongplastic.com/en/products/accessories/sealing-film/,/products/sealing-films/12x12-hole30.webp,"Custom film sizes available; Standard 12×12cm, 14×14cm, and 16×16cm sizes; 1cm, 2cm, and 3cm central vent options; Multiple membrane configurations available",TBD,TBD,TBD,TBD,Yes,Volume discount available based on order quantity.
FILM-14X14X1,FILM-1414-H01,Accessories,Sealing Films,Sealing Films,封口膜,14×14cm,TBD,TBD,TBD,TBD,Vent: 1cm,TBD,TBD,TBD,https://www.fulongplastic.com/en/products/accessories/sealing-film/,/products/sealing-films/14x14-hole10.webp,"Custom film sizes available; Standard 12×12cm, 14×14cm, and 16×16cm sizes; 1cm, 2cm, and 3cm central vent options; Multiple membrane configurations available",TBD,TBD,TBD,TBD,Yes,Volume discount available based on order quantity.
FILM-14X14X2,FILM-1414-H02,Accessories,Sealing Films,Sealing Films,封口膜,14×14cm,TBD,TBD,TBD,TBD,Vent: 2cm,TBD,TBD,TBD,https://www.fulongplastic.com/en/products/accessories/sealing-film/,/products/sealing-films/14x14-hole20.webp,"Custom film sizes available; Standard 12×12cm, 14×14cm, and 16×16cm sizes; 1cm, 2cm, and 3cm central vent options; Multiple membrane configurations available",TBD,TBD,TBD,TBD,Yes,Volume discount available based on order quantity.
FILM-14X14X3,FILM-1414-H03,Accessories,Sealing Films,Sealing Films,封口膜,14×14cm,TBD,TBD,TBD,TBD,Vent: 3cm,TBD,TBD,TBD,https://www.fulongplastic.com/en/products/accessories/sealing-film/,/products/sealing-films/14x14-hole30.webp,"Custom film sizes available; Standard 12×12cm, 14×14cm, and 16×16cm sizes; 1cm, 2cm, and 3cm central vent options; Multiple membrane configurations available",TBD,TBD,TBD,TBD,Yes,Volume discount available based on order quantity.
FILM-16X16X1,FILM-1616-H01,Accessories,Sealing Films,Sealing Films,封口膜,16×16cm,TBD,TBD,TBD,TBD,Vent: 1cm,TBD,TBD,TBD,https://www.fulongplastic.com/en/products/accessories/sealing-film/,/products/sealing-films/16x16-hole10.JPG,"Custom film sizes available; Standard 12×12cm, 14×14cm, and 16×16cm sizes; 1cm, 2cm, and 3cm central vent options; Multiple membrane configurations available",TBD,TBD,TBD,TBD,Yes,Volume discount available based on order quantity.
FILM-16X16X2,FILM-1616-H02,Accessories,Sealing Films,Sealing Films,封口膜,16×16cm,TBD,TBD,TBD,TBD,Vent: 2cm,TBD,TBD,TBD,https://www.fulongplastic.com/en/products/accessories/sealing-film/,/products/sealing-films/16x16-hole20.JPG,"Custom film sizes available; Standard 12×12cm, 14×14cm, and 16×16cm sizes; 1cm, 2cm, and 3cm central vent options; Multiple membrane configurations available",TBD,TBD,TBD,TBD,Yes,Volume discount available based on order quantity.
FILM-16X16X3,FILM-1616-H03,Accessories,Sealing Films,Sealing Films,封口膜,16×16cm,TBD,TBD,TBD,TBD,Vent: 3cm,TBD,TBD,TBD,https://www.fulongplastic.com/en/products/accessories/sealing-film/,/products/sealing-films/16x16-hole30.JPG,"Custom film sizes available; Standard 12×12cm, 14×14cm, and 16×16cm sizes; 1cm, 2cm, and 3cm central vent options; Multiple membrane configurations available",TBD,TBD,TBD,TBD,Yes,Volume discount available based on order quantity.
BASKET-490X320X50,BASKET-49032050,Accessories,Tissue Culture Baskets,Tissue Culture Baskets,组培筐,490×320×50mm,TBD,Length: 490mm; Width: 320mm; Height: 50mm; Weight: 300g,TBD,TBD,TBD,TBD,TBD,TBD,https://www.fulongplastic.com/en/products/accessories/culture-baskets/,/products/culture-baskets/490x320x50.JPG,Heat-resistant PP material; Excellent airflow and drainage; For organized placement and transportation; Multiple sizes for different cultivation needs,TBD,TBD,TBD,TBD,Yes,Volume discount available based on order quantity.
BASKET-510X310X70,BASKET-51031070,Accessories,Tissue Culture Baskets,Tissue Culture Baskets,组培筐,510×310×70mm,TBD,Length: 510mm; Width: 310mm; Height: 70mm; Weight: 270g,TBD,TBD,TBD,TBD,TBD,TBD,https://www.fulongplastic.com/en/products/accessories/culture-baskets/,/products/culture-baskets/510x310x70.JPG,Heat-resistant PP material; Excellent airflow and drainage; For organized placement and transportation; Multiple sizes for different cultivation needs,TBD,TBD,TBD,TBD,Yes,Volume discount available based on order quantity.
BASKET-520X420X60,BASKET-52042060,Accessories,Tissue Culture Baskets,Tissue Culture Baskets,组培筐,520×420×60mm,TBD,Length: 520mm; Width: 420mm; Height: 60mm; Weight: 430g,TBD,TBD,TBD,TBD,TBD,TBD,https://www.fulongplastic.com/en/products/accessories/culture-baskets/,/products/culture-baskets/520x420x60.JPG,Heat-resistant PP material; Excellent airflow and drainage; For organized placement and transportation; Multiple sizes for different cultivation needs,TBD,TBD,TBD,TBD,Yes,Volume discount available based on order quantity.
BASKET-520X420X70,BASKET-52042070,Accessories,Tissue Culture Baskets,Tissue Culture Baskets,组培筐,520×420×70mm,TBD,Length: 520mm; Width: 420mm; Height: 70mm; Weight: 440g,TBD,TBD,TBD,TBD,TBD,TBD,https://www.fulongplastic.com/en/products/accessories/culture-baskets/,/products/culture-baskets/520x420x70.JPG,Heat-resistant PP material; Excellent airflow and drainage; For organized placement and transportation; Multiple sizes for different cultivation needs,TBD,TBD,TBD,TBD,Yes,Volume discount available based on order quantity.
BASKET-530X430X70,BASKET-53043070,Accessories,Tissue Culture Baskets,Tissue Culture Baskets,组培筐,530×430×70mm,TBD,Length: 530mm; Width: 430mm; Height: 70mm; Weight: 480g,TBD,TBD,TBD,TBD,TBD,TBD,https://www.fulongplastic.com/en/products/accessories/culture-baskets/,/products/culture-baskets/530x430x70.JPG,Heat-resistant PP material; Excellent airflow and drainage; For organized placement and transportation; Multiple sizes for different cultivation needs,TBD,TBD,TBD,TBD,Yes,Volume discount available based on order quantity.
BASKET-600X440X60,BASKET-60044060-A,Accessories,Tissue Culture Baskets,Tissue Culture Baskets,组培筐,600×440×60mm（网格A）,TBD,Length: 600mm; Width: 440mm; Height: 60mm; Weight: 500g,TBD,TBD,TBD,TBD,TBD,TBD,https://www.fulongplastic.com/en/products/accessories/culture-baskets/,/products/culture-baskets/600x440x60-grid-a.JPG,Heat-resistant PP material; Excellent airflow and drainage; For organized placement and transportation; Multiple sizes for different cultivation needs,TBD,TBD,TBD,TBD,Yes,Volume discount available based on order quantity.
BASKET-600X440X60-02,BASKET-60044060-B,Accessories,Tissue Culture Baskets,Tissue Culture Baskets,组培筐,600×440×60mm（网格B）,TBD,Length: 600mm; Width: 440mm; Height: 60mm; Weight: 500g,TBD,TBD,TBD,TBD,TBD,TBD,https://www.fulongplastic.com/en/products/accessories/culture-baskets/,/products/culture-baskets/600x440x60-grid-b.JPG,Heat-resistant PP material; Excellent airflow and drainage; For organized placement and transportation; Multiple sizes for different cultivation needs,TBD,TBD,TBD,TBD,Yes,Volume discount available based on order quantity.
BASKET-620X520X60,BASKET-62052060,Accessories,Tissue Culture Baskets,Tissue Culture Baskets,组培筐,620×520×60mm,TBD,Length: 620mm; Width: 520mm; Height: 60mm; Weight: 700g,TBD,TBD,TBD,TBD,TBD,TBD,https://www.fulongplastic.com/en/products/accessories/culture-baskets/,/products/culture-baskets/620x520x60.JPG,Heat-resistant PP material; Excellent airflow and drainage; For organized placement and transportation; Multiple sizes for different cultivation needs,TBD,TBD,TBD,TBD,Yes,Volume discount available based on order quantity.
BASKET-670X450X60,BASKET-67045060,Accessories,Tissue Culture Baskets,Tissue Culture Baskets,组培筐,670×450×60mm,TBD,Length: 670mm; Width: 450mm; Height: 60mm; Weight: 700g,TBD,TBD,TBD,TBD,TBD,TBD,https://www.fulongplastic.com/en/products/accessories/culture-baskets/,/products/culture-baskets/670x450x60.webp,Heat-resistant PP material; Excellent airflow and drainage; For organized placement and transportation; Multiple sizes for different cultivation needs,TBD,TBD,TBD,TBD,Yes,Volume discount available based on order quantity.
SPECIAL-SUGARFREE-001,PP-BOX-VENT-240195170,Featured Products,Sterile Ventilated Tissue Culture Box,Sterile Ventilated Tissue Culture Box,无糖透气培养盒,无糖透气培养盒,TBD,Length: 240mm; Width: 195mm; Height: 170mm,PP,TBD,TBD,TBD,TBD,TBD,https://www.fulongplastic.com/en/products/featured/sugar-free-ventilated-culture-box/,/products/sugar-free-ventilated-culture-box.webp,"Active ventilation system; Compatible with air pumps, CO₂ monitors, and airflow control valves; Dual filtration and antimicrobial membrane protection; Proprietary patented technology; 可配套换气泵、CO2监测器、调节阀等",TBD,TBD,TBD,TBD,Yes,Volume discount available based on order quantity.
